{"feature":{"layer_index":0,"feature_index":9199},"activation_mean":1.2884989162986071,"activation_std":0.4331819330716171,"activation_skew":-0.8253378508693073,"activation_kurtosis":0.331721542688709,"activation_similarity":0.1404941976070404,"logit_skew":-0.0025898928494104377,"logit_kurtosis":-0.06991969449419955,"logit_entropy":10.312655448913574,"logit_perplexity":6246.62548828125}