{"feature":{"layer_index":0,"feature_index":40},"activation_mean":-0.8608222844099168,"activation_std":0.4704257183196142,"activation_skew":1.5108548349966837,"activation_kurtosis":3.2678048645500466,"activation_similarity":0.09369494020938873,"logit_skew":0.015198057164928698,"logit_kurtosis":-0.0032411282072675185,"logit_entropy":10.319820404052734,"logit_perplexity":6906.22509765625}