{"feature":{"layer_index":0,"feature_index":59},"activation_mean":1.7492891124406635,"activation_std":0.5604255472266101,"activation_skew":-0.856219630411406,"activation_kurtosis":-0.6095437464144484,"activation_similarity":0.11788087338209152,"logit_skew":0.010127506834267226,"logit_kurtosis":-0.003417014792395534,"logit_entropy":10.322954177856445,"logit_perplexity":6914.759765625}