{"feature":{"layer_index":0,"feature_index":8},"activation_mean":1.3256816276786259,"activation_std":0.9252795838308333,"activation_skew":-1.2382599184843053,"activation_kurtosis":-0.2178883754936365,"activation_similarity":0.16340097784996033,"logit_skew":0.012453033258930633,"logit_kurtosis":-0.02277486251248284,"logit_entropy":10.325828552246094,"logit_perplexity":5655.0732421875}