{".transformer.h.0": {"0": {"indices": [60842, 18350, 94031, 31843, 118117, 84355, 90587, 93300, 90349], "values": [0.37373054027557373, 0.3673860728740692, 0.34054458141326904, 0.32633906602859497, 0.2999008297920227, 0.28783702850341797, 0.2853596806526184, 0.2785242795944214, 0.2659687399864197]}, "1": {"indices": [101882, 17795, 53988, 82852, 129835, 2782, 116389, 95545, 118551], "values": [0.16487689316272736, 0.16207917034626007, 0.15985119342803955, 0.15959545969963074, 0.15881550312042236, 0.15063919126987457, 0.15020941197872162, 0.14968141913414001, 0.14863286912441254]}, "2": {"indices": [77901, 93940, 56842, 15256, 114323, 119186, 42647, 22864, 79121], "values": [0.16216328740119934, 0.15038304030895233, 0.14823663234710693, 0.14787118136882782, 0.14148974418640137, 0.1402939409017563, 0.13810600340366364, 0.13734446465969086, 0.13405731320381165]}, "3": {"indices": [7252, 114774, 113363, 93565, 84392, 108355, 59158, 125166, 106470], "values": [0.4292769134044647, 0.39592310786247253, 0.37874847650527954, 0.3773951232433319, 0.3726601004600525, 0.3626962900161743, 0.3236982524394989, 0.3043675422668457, 0.29363784193992615]}, "4": {"indices": [116635, 14252, 130566, 77611, 103412, 44830, 42325, 147, 45734], "values": [0.26293811202049255, 0.23697634041309357, 0.23230071365833282, 0.22875326871871948, 0.22729268670082092, 0.21934302151203156, 0.21816322207450867, 0.2178279012441635, 0.2173745483160019]}, "5": {"indices": [66117, 124858, 110885, 25066, 23460, 117301, 10175, 8443, 68556], "values": [0.32301828265190125, 0.23367974162101746, 0.23295746743679047, 0.23128917813301086, 0.22986936569213867, 0.2267632782459259, 0.22578196227550507, 0.2256976068019867, 0.22380195558071136]}, "6": {"indices": [105356, 39256, 90865, 105960, 125624, 38986, 24469, 74464, 95256], "values": [0.27798992395401, 0.2764480412006378, 0.2628260850906372, 0.2611249089241028, 0.2561253011226654, 0.2519640028476715, 0.24747604131698608, 0.2455514520406723, 0.24553053081035614]}, "7": {"indices": [115176, 26774, 111574, 87897, 61417, 9968, 76481, 86940, 31825], "values": [0.26910990476608276, 0.259061336517334, 0.24444390833377838, 0.2442498803138733, 0.24189460277557373, 0.23673203587532043, 0.23201318085193634, 0.23133133351802826, 0.2302955538034439]}, "8": {"indices": [94448, 64381, 74107, 112922, 102782, 29794, 62486, 28503, 108311], "values": [0.1505693793296814, 0.14521481096744537, 0.1446712464094162, 0.14344607293605804, 0.1404155045747757, 0.14011505246162415, 0.13817791640758514, 0.13801097869873047, 0.13785074651241302]}, "9": {"indices": [82440, 7185, 89444, 33639, 128521, 15724, 7417, 74193, 101134], "values": [0.5252441167831421, 0.4550410807132721, 0.38285160064697266, 0.3783454895019531, 0.3699745237827301, 0.3698486387729645, 0.36449068784713745, 0.36436933279037476, 0.36336803436279297]}, "10": {"indices": [1797, 11008, 100240, 112783, 16430, 45415, 31689, 47076, 81258], "values": [0.415432333946228, 0.3866669833660126, 0.37448057532310486, 0.3456468880176544, 0.34334540367126465, 0.3352077305316925, 0.32995933294296265, 0.32353290915489197, 0.3206346333026886]}, "11": {"indices": [94175, 2733, 49335, 5318, 31967, 125811, 32973, 78922, 37466], "values": [0.28982648253440857, 0.2557936906814575, 0.2555066645145416, 0.2551591396331787, 0.254485160112381, 0.25356975197792053, 0.251851350069046, 0.24426402151584625, 0.2430669218301773]}, "12": {"indices": [47496, 2191, 110503, 52307, 15076, 89320, 68046, 57186, 55782], "values": [0.3220626413822174, 0.30189305543899536, 0.29599520564079285, 0.29429906606674194, 0.2894411087036133, 0.2877819538116455, 0.2874739170074463, 0.28454917669296265, 0.2819512188434601]}, "13": {"indices": [113879, 22644, 26797, 103807, 1715, 38049, 19684, 73654, 12491], "values": [0.24916896224021912, 0.24675019085407257, 0.23924599587917328, 0.23009540140628815, 0.2274552881717682, 0.22430087625980377, 0.2235778570175171, 0.2226199209690094, 0.21881729364395142]}, "14": {"indices": [56869, 73568, 104018, 21937, 57152, 31272, 44107, 54725, 90881], "values": [0.3098601996898651, 0.2810172140598297, 0.27340200543403625, 0.2486082911491394, 0.2447582483291626, 0.24473777413368225, 0.24420762062072754, 0.23980005085468292, 0.23482747375965118]}, "15": {"indices": [41863, 103269, 84441, 3170, 32758, 48860, 128384, 21469, 14643], "values": [0.26573583483695984, 0.26027682423591614, 0.257132351398468, 0.254508912563324, 0.2535443603992462, 0.24953052401542664, 0.2412486970424652, 0.23914353549480438, 0.2352997213602066]}, "16": {"indices": [101223, 57211, 120213, 4283, 69932, 66037, 68870, 120313, 5001], "values": [0.32238271832466125, 0.28117284178733826, 0.27720367908477783, 0.27321577072143555, 0.2705766260623932, 0.26485395431518555, 0.25644806027412415, 0.2544512450695038, 0.2523665428161621]}, "17": {"indices": [63784, 82309, 72567, 29063, 12901, 77680, 9630, 7351, 106682], "values": [0.18225334584712982, 0.1678808182477951, 0.1669546514749527, 0.16538134217262268, 0.16316722333431244, 0.16241730749607086, 0.1613491177558899, 0.15662607550621033, 0.15486551821231842]}, "18": {"indices": [663, 98982, 50565, 39377, 4877, 117922, 38551, 55389, 20550], "values": [0.35393133759498596, 0.28175076842308044, 0.2527144253253937, 0.2486400455236435, 0.23813112080097198, 0.2381044179201126, 0.2333955317735672, 0.23285213112831116, 0.23202982544898987]}, "19": {"indices": [76960, 31475, 119687, 78333, 14137, 106339, 75585, 121229, 42232], "values": [0.16455931961536407, 0.1585785150527954, 0.15562641620635986, 0.15504883229732513, 0.14967462420463562, 0.14938190579414368, 0.14658181369304657, 0.1463746726512909, 0.14516817033290863]}}, ".transformer.h.2": {"0": {"indices": [129539, 20894, 57959, 5248, 75940, 85825, 2394, 57615, 53101], "values": [0.5044912099838257, 0.4412696361541748, 0.4326563775539398, 0.4114395081996918, 0.39738932251930237, 0.3931191861629486, 0.39206767082214355, 0.39123666286468506, 0.3906819224357605]}, "1": {"indices": [103258, 15155, 89605, 69951, 74968, 70963, 54642, 126403, 60749], "values": [0.3212684988975525, 0.3137263059616089, 0.3059118092060089, 0.3027457594871521, 0.2980554699897766, 0.2735461890697479, 0.27017924189567566, 0.27007728815078735, 0.26671645045280457]}, "2": {"indices": [103555, 73969, 81574, 25567, 20855, 118586, 118356, 121413, 51203], "values": [0.41525766253471375, 0.40438202023506165, 0.39353010058403015, 0.38445761799812317, 0.3715813159942627, 0.36175474524497986, 0.3581671416759491, 0.35789918899536133, 0.3576963543891907]}, "3": {"indices": [115087, 79730, 94293, 22470, 89783, 4674, 96772, 63739, 3172], "values": [0.449203222990036, 0.397372305393219, 0.3956749737262726, 0.38853761553764343, 0.38483795523643494, 0.38434240221977234, 0.3805782198905945, 0.37943124771118164, 0.37826573848724365]}, "4": {"indices": [102214, 91116, 39412, 37734, 126220, 58425, 122930, 11323, 24945], "values": [0.5471718311309814, 0.5036819577217102, 0.49889257550239563, 0.4780358374118805, 0.4761506915092468, 0.47462353110313416, 0.4713074564933777, 0.46148499846458435, 0.4597018361091614]}, "5": {"indices": [112039, 103285, 80878, 129406, 27907, 33029, 52328, 8017, 93246], "values": [0.2962051331996918, 0.25824981927871704, 0.2548663914203644, 0.25426292419433594, 0.2429468035697937, 0.24090565741062164, 0.23999765515327454, 0.23698966205120087, 0.23658983409404755]}, "6": {"indices": [100968, 93303, 7379, 7745, 65020, 35384, 33025, 23908, 79254], "values": [0.9302034974098206, 0.8976455926895142, 0.832912027835846, 0.7655359506607056, 0.7243959307670593, 0.6745257377624512, 0.6548478603363037, 0.6498473882675171, 0.6434736847877502]}, "7": {"indices": [124389, 95562, 10013, 27667, 117592, 84462, 56271, 105987, 20879], "values": [0.2824658453464508, 0.22531889379024506, 0.2223244309425354, 0.20309185981750488, 0.20182056725025177, 0.19997863471508026, 0.19678358733654022, 0.19614240527153015, 0.19527913630008698]}, "8": {"indices": [33255, 3432, 23644, 127656, 110056, 76483, 67142, 79467, 88337],